Workbook

Sheet Overview
A1: Product Performance Dashboard
A2: Draft template · example data · replace inputs (blue) and the Content Log with real numbers
A4: PRODUCT CONFIGURATION
A5: Product | B5: The 20-Minute Reels System
A6: Avatar | B6: Time-poor coaches with <5k followers
A7: Core product price ($) | B7: 27
A8: Order bump price ($) | B8: 9
A9: Core deliverables | B9: Reel hook framework; Keyword-to-DM setup
A10: Bonuses | B10: 30 done-for-you hooks
A11: Order bump | B11: Caption pack
A13: KPI SCORECARD (live formulas — pull from Content Log & Feedback)
A14: Content published | B14: =COUNTA('Content Log'!C4:C13) -> 10
A15: Total reel views | B15: ='Content Log'!E14 -> 36200
A16: Total carousel engagement | B16: ='Content Log'!F14 -> 1640
A17: Total DMs | B17: ='Content Log'!G14 -> 1220
A18: Keyword triggers | B18: ='Content Log'!H14 -> 1287
A19: Checkout clicks | B19: ='Content Log'!I14 -> 373
A20: Purchases | B20: ='Content Log'!J14 -> 62
A21: Order-bump purchases | B21: ='Content Log'!K14 -> 20
A22: Revenue | B22: ='Content Log'!L14 -> 1854
A23: Refunds (input) | B23: 2
A24: Refund rate | B24: =IF(B20=0,0,B23/B20) -> 0.032258065
A25: Support issues | B25: =COUNTA(Feedback!C5:C8) -> 3
A26: Avg customer rating | B26: =IFERROR(AVERAGE(Feedback!C12:C17),0) -> 4.3333333

Sheet Content Log
A1: Content Log — example data (replace with real published content)
A3: Date | B3: Content Type | C3: Title / Hook | D3: Keyword | E3: Reel Views | F3: Carousel Engagement | G3: DMs Generated | H3: Keyword Triggers | I3: Checkout Clicks | J3: Purchases | K3: Order-Bump Purchases | L3: Revenue
A4: 2025-06-02 | B4: Reel | C4: The 20-min posting mistake | D4: REELS | E4: 8200 | F4: 0 | G4: 210 | H4: 220 | I4: 74 | J4: 15 | K4: 5 | L4: =J4*Overview!$B$7+K4*Overview!$B$8 -> 450
A5: 2025-06-04 | B5: Carousel | C5: 5 hooks that book calls | D5: HOOKS | E5: 0 | F5: 640 | G5: 95 | H5: 100 | I5: 40 | J5: 9 | K5: 3 | L5: =J5*Overview!$B$7+K5*Overview!$B$8 -> 270
A6: 2025-06-06 | B6: Reel | C6: Why your Reels don't convert | D6: CONVERT | E6: 6100 | F6: 0 | G6: 150 | H6: 160 | I6: 52 | J6: 11 | K6: 4 | L6: =J6*Overview!$B$7+K6*Overview!$B$8 -> 333
A7: 2025-06-09 | B7: Post | C7: Client booked 5 calls in a week | D7: PROOF | E7: 0 | F7: 210 | G7: 60 | H7: 62 | I7: 22 | J7: 6 | K7: 2 | L7: =J7*Overview!$B$7+K7*Overview!$B$8 -> 180
A8: 2025-06-11 | B8: Reel | C8: Steal my keyword-to-DM setup | D8: SETUP | E8: 9400 | F8: 0 | G8: 240 | H8: 250 | I8: 61 | J8: 12 | K8: 3 | L8: =J8*Overview!$B$7+K8*Overview!$B$8 -> 351
A9: 2025-06-13 | B9: Carousel | C9: The DM script I use | D9: SCRIPT | E9: 0 | F9: 520 | G9: 80 | H9: 85 | I9: 28 | J9: 5 | K9: 1 | L9: =J9*Overview!$B$7+K9*Overview!$B$8 -> 144
A10: 2025-06-16 | B10: Reel | C10: Post this when you're busy | D10: BUSY | E10: 5200 | F10: 0 | G10: 120 | H10: 130 | I10: 33 | J10: 2 | K10: 1 | L10: =J10*Overview!$B$7+K10*Overview!$B$8 -> 63
A11: 2025-06-18 | B11: Post | C11: No time? 20 minutes is enough | D11: TIME | E11: 0 | F11: 180 | G11: 45 | H11: 48 | I11: 15 | J11: 1 | K11: 1 | L11: =J11*Overview!$B$7+K11*Overview!$B$8 -> 36
A12: 2025-06-20 | B12: Reel | C12: 3 hooks for coaches | D12: COACH | E12: 7300 | F12: 0 | G12: 190 | H12: 200 | I12: 40 | J12: 1 | K12: 0 | L12: =J12*Overview!$B$7+K12*Overview!$B$8 -> 27
A13: 2025-06-23 | B13: Story | C13: Poll: what stops you posting? | D13: POLL | E13: 0 | F13: 90 | G13: 30 | H13: 32 | I13: 8 | J13: 0 | K13: 0 | L13: =J13*Overview!$B$7+K13*Overview!$B$8 -> 0
A14: TOTALS | E14: =SUM(E4:E13) -> 36200 | F14: =SUM(F4:F13) -> 1640 | G14: =SUM(G4:G13) -> 1220 | H14: =SUM(H4:H13) -> 1287 | I14: =SUM(I4:I13) -> 373 | J14: =SUM(J4:J13) -> 62 | K14: =SUM(K4:K13) -> 20 | L14: =SUM(L4:L13) -> 1854

Sheet Funnel
A1: Funnel — example data
A3: Stage | B3: Count | C3: Conversion
A4: Reel views (reach) | B4: =Overview!B15 -> 36200 | C4: —
A5: Keyword triggers | B5: =Overview!B18 -> 1287 | C5: =IF(B4=0,0,B5/B4) -> 0.035552486
A6: DMs entered | B6: =Overview!B17 -> 1220 | C6: =IF(B5=0,0,B6/B5) -> 0.94794095
A7: Checkout clicks | B7: =Overview!B19 -> 373 | C7: =IF(B6=0,0,B7/B6) -> 0.3057377
A8: Purchases | B8: =Overview!B20 -> 62 | C8: =IF(B7=0,0,B8/B7) -> 0.16621984
A9: Order-bump attach | B9: =Overview!B21 -> 20 | C9: =IF(B8=0,0,B9/B8) -> 0.32258065
A10: Refund rate | B10: =Overview!B24 -> 0.032258065 | C10: —

Sheet Feedback
A1: Feedback & Support — example data
A3: SUPPORT ISSUES
A4: Date | B4: Buyer | C4: Issue | D4: Status
A5: 2025-06-12 | B5: buyer #14 | C5: Couldn't access the Drive folder | D5: Resolved
A6: 2025-06-19 | B6: buyer #33 | C6: Wanted a refund — changed mind, kept it | D6: Resolved
A7: 2025-06-24 | B7: buyer #51 | C7: Asked how to set up the DM keyword | D7: Resolved
A10: CUSTOMER FEEDBACK
A11: Date | B11: Buyer | C11: Rating (1-5) | D11: Comment
A12: 2025-06-08 | B12: buyer #6 | C12: 5 | D12: Booked 3 calls in the first week.
A13: 2025-06-10 | B13: buyer #9 | C13: 5 | D13: The keyword setup alone was worth it.
A14: 2025-06-15 | B14: buyer #22 | C14: 4 | D14: Great, wanted more hook examples.
A15: 2025-06-17 | B15: buyer #27 | C15: 5 | D15: Finally something I can do in 20 min.
A16: 2025-06-21 | B16: buyer #40 | C16: 3 | D16: Good but setup took me a while.
A17: 2025-06-22 | B17: buyer #44 | C17: 4 | D17: Solid framework, clear delivery.
